Book Id,Title,Author,Author l-f,Additional Authors,ISBN,ISBN13,My Rating,Average Rating,Publisher,Binding,Number of Pages,Year Published,Original Publication Year,Date Read,Date Added,Bookshelves,Bookshelves with positions,Exclusive Shelf
210223811,Katabasis,R.F. Kuang,"Kuang, R.F.",,,,0,3.77,HarperVoyager,Kindle Edition,559,2025,2025,,2026/01/15,"to-read, 2026","to-read (#103), 2026 (#41)",to-read
239960837,"Daggermouth (The Heart, #1)",H.M.  Wolfe,"Wolfe, H.M.",,,,0,4.47,,Kindle Edition,566,2025,2025,,2026/02/09,"to-read, 2026","to-read (#126), 2026 (#40)",to-read
225699786,The Everlasting,Alix E. Harrow,"Harrow, Alix E.",,1250799082,9781250799081,0,4.27,Tor Books,Hardcover,320,2025,2025,,2026/02/21,"to-read, 2026","to-read (#130), 2026 (#39)",to-read
127305853,The Women,Kristin Hannah,"Hannah, Kristin",,1250178630,9781250178633,0,4.59,St. Martin's Press,Hardcover,471,2024,2024,,2026/02/01,"to-read, 2026","to-read (#118), 2026 (#38)",to-read
15839976,"Red Rising (Red Rising Saga, #1)",Pierce Brown,"Brown, Pierce",,0345539788,9780345539786,0,4.27,Del Rey,Hardcover,382,2014,2014,,2026/01/13,"to-read, 2026","to-read (#95), 2026 (#37)",to-read
6969,Emma,Jane Austen,"Austen, Jane",Fiona Stafford,0141439580,9780141439587,0,4.05,Penguin Books,Paperback,474,2003,1815,,2026/02/28,"to-read, 2026","to-read (#137), 2026 (#36)",to-read
2156,Persuasion,Jane Austen,"Austen, Jane","James Kinsley, Deidre Shauna Lynch",0192802631,9780192802637,0,4.15,Oxford University Press,Paperback,249,2004,1817,,2025/04/03,"to-read, 2026","to-read (#31), 2026 (#35)",to-read
34051011,Pachinko,Min Jin Lee,"Lee, Min Jin",,,,0,4.34,Grand Central Publishing,Kindle Edition,496,2017,2017,,2026/01/15,"to-read, 2026","to-read (#102), 2026 (#34)",to-read
50224049,How to Kill Your Family,Bella Mackie,"Mackie, Bella",,,,0,3.51,The Borough Press,Hardcover,355,2021,2021,,2026/02/28,"to-read, 2026","to-read (#136), 2026 (#33)",to-read
29044,The Secret History,Donna Tartt,"Tartt, Donna",,1400031702,9781400031702,0,4.15,Vintage Books,Paperback,559,2004,1992,,2026/02/21,"to-read, 2026","to-read (#131), 2026 (#32)",to-read
62047984,Yellowface,R.F. Kuang,"Kuang, R.F.",,,,0,3.72,William Morrow,Paperback,319,2023,2023,,2026/02/27,to-read,to-read (#135),to-read
33547,Hell House,Richard Matheson,"Matheson, Richard",,0727860992,9780727860996,0,3.69,Severn House,Hardcover,301,2004,1971,,2026/02/27,currently-reading,currently-reading (#3),currently-reading
59729042,Babel,R.F. Kuang,"Kuang, R.F.",,,,5,4.14,Harper Voyager,Kindle Edition,557,2022,2022,2026/02/27,2024/12/21,2026,2026 (#1),read
7334201,Super Sad True Love Story,Gary Shteyngart,"Shteyngart, Gary",,1400066409,9781400066407,0,3.45,Random House Publishing Group,Hardcover,331,2010,2010,,2026/02/26,to-read,to-read (#134),to-read
75498179,The List,Yomi Adegoke,"Adegoke, Yomi",,0063274876,9780063274877,0,2.99,William Morrow,Hardcover,336,2023,2023,,2026/02/21,to-read,to-read (#133),to-read
58650445,"Heavenly Bodies (Heavenly Bodies, #1)",Imani Erriu,"Erriu, Imani",,,,0,3.97,,Paperback,480,2022,2022,,2026/02/21,"to-read, 2026","to-read (#132), 2026 (#31)",to-read
4406,East of Eden,John Steinbeck,"Steinbeck, John",,0142000655,9780142000656,0,4.44,Penguin Books,Paperback,601,2002,1952,,2026/02/01,"to-read, 2026","to-read (#119), 2026 (#30)",to-read
41071389,The Eighth Life,Nino Haratischwili,"Haratischwili, Nino","Charlotte Collins, Ruth   Martin, Nino Haratischvili",191161746X,9781911617464,0,4.54,Scribe UK,Hardcover,944,2019,2014,,2026/02/11,"to-read, 2026","to-read (#127), 2026 (#29)",to-read
75293505,Your Face Belongs to Us: A Secretive Startup's Quest to End Privacy as We Know It,Kashmir  Hill,"Hill, Kashmir",,0593448561,9780593448564,0,4.11,Random House,Hardcover,352,2023,2023,,2026/01/20,"ai-reading, currently-reading","ai-reading (#6), currently-reading (#2)",currently-reading
41104077,Invisible Women: Data Bias in a World Designed for Men,Caroline Criado Pérez,"Pérez, Caroline Criado",,1419729071,9781419729072,4,4.34,Abrams Press,Hardcover,448,2019,2019,2026/02/20,2026/01/20,ai-reading,ai-reading (#11),read
177121503,"Under Your Scars (Under Your Scars, #1)",Ariel N. Anderson,"Anderson, Ariel N.",,,9798988296225,1,4.34,Ariel N. Anderson,Kindle Edition,480,2023,,2026/02/18,2026/01/27,,,read
205044632,"The Road of Bones (The Ashen, #1)",Demi Winters,"Winters, Demi",,173899600X,9781738996001,0,4.22,Delacorte Press,Kindle Edition,500,2023,2023,,2026/02/17,to-read,to-read (#129),to-read
40275288,"The Priory of the Orange Tree (The Roots of Chaos, #1)",Samantha Shannon,"Shannon, Samantha",,1408883457,9781408883457,2,4.17,Bloomsbury Publishing,ebook,848,2019,2019,2026/02/17,2024/08/19,2026,2026 (#6),read
217171544,"Shield of Sparrows (Shield of Sparrows, #1)",Devney Perry,"Perry, Devney",,1649378513,9781649378514,0,4.38,Entangled: Red Tower Books,Hardcover,528,2025,2025,,2026/02/17,to-read,to-read (#128),to-read
19063,The Book Thief,Markus Zusak,"Zusak, Markus",,,,0,4.39,Alfred A. Knopf,Kindle Edition,592,2006,2005,,2026/02/07,to-read,to-read (#125),to-read
22822858,A Little Life,Hanya Yanagihara,"Yanagihara, Hanya",,0385539258,9780385539258,0,4.28,Doubleday,Hardcover,720,2015,2015,,2026/02/07,to-read,to-read (#124),to-read
32929156,Wuthering Heights,Emily Brontë,"Brontë, Emily","Pauline Nestor, Lucasta Miller",0141439556,9780141439556,4,3.90,Penguin Classics,Paperback,359,2016,1847,2026/02/07,2025/12/30,2026,2026 (#13),read
195888801,Why Machines Learn: The Elegant Math Behind Modern AI,Anil Ananthaswamy,"Ananthaswamy, Anil",,0593185749,9780593185742,0,4.38,Dutton,Hardcover,480,2024,2024,,2026/02/04,"ai-reading, currently-reading","ai-reading (#18), currently-reading (#1)",currently-reading
3272165,Bad Science,Ben Goldacre,"Goldacre, Ben",,0007240198,9780007240197,4,4.06,HarperCollins Publishers,Paperback,338,2008,2008,2026/02/07,2026/02/01,,,read
197812306,The AI Mirror: How to Reclaim Our Humanity in an Age of Machine Thinking,Shannon Vallor,"Vallor, Shannon",,0197759068,9780197759066,0,3.98,Oxford University Press,Hardcover,272,2024,,,2026/02/04,"to-read, ai-reading","to-read (#123), ai-reading (#17)",to-read
211399783,"The Thinking Machine: Jensen Huang, Nvidia, and the World's Most Coveted Microchip",Stephen Witt,"Witt, Stephen",,0593832698,9780593832691,0,4.32,Viking,Hardcover,272,2025,2025,,2026/02/04,"to-read, ai-reading","to-read (#122), ai-reading (#16)",to-read
57693262,Cleopatra and Frankenstein,Coco Mellors,"Mellors, Coco",,1635576814,9781635576818,0,3.68,Bloomsbury Publishing,Paperback,368,2022,2022,,2026/02/03,to-read,to-read (#121),to-read
15997,Paradise Lost,John Milton,"Milton, John",,0140424393,9780140424393,0,3.86,Penguin Classics,Paperback,453,2003,1667,,2026/02/02,to-read,to-read (#120),to-read
54377375,"Life’s Too Short (The Friend Zone, #3)",Abby Jimenez,"Jimenez, Abby",,1538715686,9781538715680,4,4.15,Forever,ebook,384,2021,2021,2026/02/01,2026/01/29,,,read
199809440,"Supremacy: AI, ChatGPT, and the Race That Will Change the World",Parmy Olson,"Olson, Parmy",,1250337747,9781250337740,5,4.06,St. Martin's Press,Hardcover,336,2024,2024,2026/02/01,2026/01/20,ai-reading,ai-reading (#3),read
13623848,The Song of Achilles,Madeline Miller,"Miller, Madeline",,,,0,4.30,Ecco,Paperback,408,2012,2011,,2025/07/30,"to-read, 2026","to-read (#47), 2026 (#28)",to-read
222139748,"Brimstone (Fae & Alchemy, #2)",Callie Hart,"Hart, Callie",,1538774224,9781538774229,3,4.08,Forever,Hardcover,672,2025,2025,2026/01/26,2025/11/27,2026,2026 (#17),read
55824211,How To Talk To Robots: A Girls’ Guide To a Future Dominated by AI,Tabitha Goldstaub,"Goldstaub, Tabitha",,0008405875,9780008405878,2,3.73,Fourth Estate,Hardcover,256,2020,,2026/01/26,2026/01/20,ai-reading,ai-reading (#13),read
485894,The Metamorphosis,Franz Kafka,"Kafka, Franz",Stanley Corngold,0553213695,9780553213690,0,3.91,Bantam Classics,Mass Market Paperback,201,1972,1915,2026/01/26,2026/01/10,2026,2026 (#14),read
212127083,"Quicksilver (Fae & Alchemy, #1)",Callie Hart,"Hart, Callie",,,,5,4.32,Counterattack Publishing,ebook,588,2024,2024,2026/01/23,2025/11/27,2026,2026 (#16),read
215217600,"AI Valley: Microsoft, Google, and the Trillion-Dollar Race to Cash In on Artificial Intelligence – A Definitive Insider Chronicle of the Breakthroughs Redefining Our World",Gary Rivlin,"Rivlin, Gary",,0063347490,9780063347496,0,4.01,Harper Business,Hardcover,320,2025,,,2026/01/20,"to-read, ai-reading","to-read (#117), ai-reading (#15)",to-read
38242135,"AI Superpowers: China, Silicon Valley, and the New World Order",Kai-Fu Lee,"Lee, Kai-Fu",,132854639X,9781328546395,0,4.09,Harper Business,Hardcover,255,2018,2018,,2026/01/20,"to-read, ai-reading","to-read (#116), ai-reading (#14)",to-read
45307730,The Creativity Code: Art and Innovation in the Age of AI,Marcus du Sautoy,"Sautoy, Marcus du",,0674240421,9780674240421,0,3.95,Belknap Press,Kindle Edition,313,2019,2019,,2026/01/20,"to-read, ai-reading","to-read (#115), ai-reading (#12)",to-read
34762552,Algorithms of Oppression: How Search Engines Reinforce Racism,Safiya Umoja Noble,"Noble, Safiya Umoja",,1479837245,9781479837243,0,3.89,NYU Press,Paperback,248,2018,2018,,2026/01/20,"to-read, ai-reading","to-read (#114), ai-reading (#10)",to-read
212987932,"More Everything Forever: AI Overlords, Space Empires, and Silicon Valley's Crusade to Control the Fate of Humanity",Adam  Becker,"Becker, Adam",,1541619609,9781541619609,0,4.26,Basic Books,Kindle Edition,290,2025,2025,,2026/01/20,"to-read, ai-reading","to-read (#113), ai-reading (#9)",to-read
28186015,Weapons of Math Destruction: How Big Data Increases Inequality and Threatens Democracy,Cathy O'Neil,"O'Neil, Cathy",,0553418815,9780553418811,0,3.87,Crown,Hardcover,259,2016,2016,,2026/01/20,"to-read, ai-reading","to-read (#112), ai-reading (#8)",to-read
210319458,"AI Snake Oil: What Artificial Intelligence Can Do, What It Can’t, and How to Tell the Difference",Arvind Narayanan,"Narayanan, Arvind",Sayash  Kapoor,069124913X,9780691249131,5,3.91,Princeton University Press,Hardcover,360,2024,2024,2025/10/29,2025/10/29,ai-reading,ai-reading (#7),read
51777543,Data Feminism,Catherine D’Ignazio,"D’Ignazio, Catherine",Lauren F. Klein,0262044005,9780262044004,0,4.30,MIT Press,Hardcover,328,2020,2020,,2026/01/20,"to-read, ai-reading","to-read (#111), ai-reading (#5)",to-read
222725518,Empire of AI: Dreams and Nightmares in Sam Altman's OpenAI,Karen Hao,"Hao, Karen",,0593657519,9780593657515,0,4.04,Penguin Press,Kindle Edition,496,2025,2025,,2026/01/20,"to-read, ai-reading","to-read (#110), ai-reading (#4)",to-read
222376640,Enshittification: Why Everything Suddenly Got Worse and What to Do About It,Cory Doctorow,"Doctorow, Cory",,0374619328,9780374619329,0,4.13,MCD,Hardcover,338,2025,2025,,2026/01/20,"to-read, ai-reading","to-read (#109), ai-reading (#2)",to-read
208187020,The Tech Coup: How to Save Democracy from Silicon Valley,Marietje Schaake,"Schaake, Marietje",,0691241171,9780691241173,0,3.79,Princeton University Press,Hardcover,336,2024,,,2026/01/20,"to-read, ai-reading","to-read (#108), ai-reading (#1)",to-read
54493401,Project Hail Mary,Andy Weir,"Weir, Andy",,0593135202,9780593135204,5,4.50,Ballantine Books,Hardcover,476,2021,2021,2026/01/09,2025/12/14,,,read
222490389,Alchemised,SenLinYu,"SenLinYu, SenLinYu",,0593972708,9780593972700,5,4.37,Del Rey,Hardcover,1030,2025,2025,2026/01/16,2025/12/09,,,read
223259676,"The Night Prince (The Wolf King, #2)",Lauren Palphreyman,"Palphreyman, Lauren",,,,5,4.39,,Kindle Edition,498,2025,2025,2025/12/08,2025/11/27,,,read
214151222,"Fearless (The Powerless Trilogy, #3)",Lauren  Roberts,"Roberts, Lauren",,1665955465,9781665955461,2,4.06,Simon & Schuster Books for Young Readers,Hardcover,593,2025,2025,2025/04/30,2025/04/23,,,read
63922275,"Daisy Haites: The Great Undoing (Magnolia Parks Universe, #4)",Jessa Hastings,"Hastings, Jessa",,1398717002,9781398717008,5,4.45,Orion,Kindle Edition,366,2022,2022,2024/08/04,2024/06/19,,,read
75513900,"Powerless (The Powerless Trilogy, #1)",Lauren  Roberts,"Roberts, Lauren",,,,3,4.15,,Kindle Edition,526,2023,2023,2024/03/14,2024/02/29,,,read
183086339,"Reckless (The Powerless Trilogy, #2)",Lauren  Roberts,"Roberts, Lauren",,,,3,4.08,Simon & Schuster Children's UK,Kindle Edition,396,2024,2024,2024/07/19,2024/07/12,,,read
90202302,"Iron Flame (The Empyrean, #2)",Rebecca Yarros,"Yarros, Rebecca",,1649374178,9781649374172,2,4.36,Entangled: Red Tower Books,Hardcover,640,2023,2023,2024/05/26,2024/05/15,,,read
61431922,"Fourth Wing (The Empyrean, #1)",Rebecca Yarros,"Yarros, Rebecca",,1649374046,9781649374042,3,4.57,Entangled: Red Tower Books,Hardcover,517,2023,2023,2024/05/15,2024/03/14,,,read
76715522,"Kingdom of Ash (Throne of Glass, #7)",Sarah J. Maas,"Maas, Sarah J.",,1639731067,9781639731060,5,4.71,Bloomsbury Publishing,Hardcover,984,2023,2018,2024/05/03,2024/05/03,,,read
76713323,"Empire of Storms (Throne of Glass, #5)",Sarah J. Maas,"Maas, Sarah J.",,1639731024,9781639731022,5,4.63,Bloomsbury Publishing,Hardcover,733,2023,2016,2024/04/17,2024/04/17,,,read
76707900,"Queen of Shadows (Throne of Glass, #4)",Sarah J. Maas,"Maas, Sarah J.",,1639731008,9781639731008,5,4.62,Bloomsbury Publishing,Hardcover,648,2023,2015,2024/04/10,2024/04/10,,,read
50659468,"A Court of Mist and Fury (A Court of Thorns and Roses, #2)",Sarah J. Maas,"Maas, Sarah J.",,1635575583,9781635575583,5,4.63,Bloomsbury Publishing,Paperback,626,2020,2016,2024/01/25,2023/12/31,,,read
714902,"Noughts & Crosses (Noughts & Crosses, #1)",Malorie Blackman,"Blackman, Malorie",,0552555703,9780552555708,5,4.17,Corgi,Paperback,479,2006,2001,,2021/02/17,,,read
14935,Sense and Sensibility,Jane Austen,"Austen, Jane","Ros Ballaster, Джейн Остин",0141439661,9780141439662,0,4.09,Penguin Books,Paperback,409,2003,1811,,2026/01/18,to-read,to-read (#107),to-read
58341222,Reminders of Him,Colleen Hoover,"Hoover, Colleen",,1542025605,9781542025607,0,4.33,Montlake,Paperback,335,2022,2022,,2026/01/18,to-read,to-read (#106),to-read
35031085,Frankenstein: The 1818 Text,Mary Wollstonecraft Shelley,"Shelley, Mary Wollstonecraft",Charlotte  Gordon,0143131842,9780143131847,0,3.91,Penguin Publishing Group,Paperback,260,2018,1818,,2026/01/18,to-read,to-read (#105),to-read
41957126,Verity,Colleen Hoover,"Hoover, Colleen",,,,3,4.29,"Hoover Ink, Inc.",Kindle Edition,324,2018,2018,2024/01/14,2021/09/04,,,read
214331246,"Sunrise on the Reaping (The Hunger Games, #0.5)",Suzanne Collins,"Collins, Suzanne",,1546171460,9781546171461,5,4.50,Scholastic Press,Hardcover,387,2025,2025,2025/06/21,2025/04/25,,,read
54189398,"The Spanish Love Deception (Love Deception, #1)",Elena  Armas,"Armas, Elena",,1668002531,9781668002537,0,3.79,Elena Armas,ebook,487,2021,2021,,2026/01/17,to-read,to-read (#104),to-read
56791389,"Dungeon Crawler Carl (Dungeon Crawler Carl, #1)",Matt Dinniman,"Dinniman, Matt",,,,0,4.48,Dandy House,Kindle Edition,446,2020,2020,,2026/01/14,to-read,to-read (#101),to-read
29227774,"Light Bringer (Red Rising Saga, #6)",Pierce Brown,"Brown, Pierce",,1473646804,9781473646803,0,4.77,Hodder & Stoughton,Hardcover,682,2023,2023,,2026/01/13,to-read,to-read (#100),to-read
29226553,"Dark Age (Red Rising Saga, #5)",Pierce Brown,"Brown, Pierce",,0425285952,9780425285954,0,4.51,Del Rey,ebook,704,2019,2019,,2026/01/13,to-read,to-read (#99),to-read
33257757,"Iron Gold (Red Rising Saga, #4)",Pierce Brown,"Brown, Pierce",,042528591X,9780425285916,0,4.21,Del Rey,Hardcover,602,2018,2018,,2026/01/13,to-read,to-read (#98),to-read
18966806,"Morning Star (Red Rising Saga, #3)",Pierce Brown,"Brown, Pierce",,0345539842,9780345539847,0,4.55,Del Rey,Hardcover,525,2016,2016,,2026/01/13,to-read,to-read (#97),to-read
18966819,"Golden Son (Red Rising Saga, #2)",Pierce Brown,"Brown, Pierce",,0345539826,9780345539823,0,4.50,Del Rey,ebook,466,2015,2015,,2026/01/13,to-read,to-read (#96),to-read
230889827,"The Ascended (Aesymarean Duet, #1)",Bree Grenwich,"Grenwich, Bree",Parker Lennox,,9798991112871,0,4.56,Onyx Publishing,Hardcover,754,2025,2025,,2025/12/04,"to-read, 2026","to-read (#66), 2026 (#27)",to-read
222855390,"Duskbound (Esprithean Trilogy, #2)",Bree Grenwich,"Grenwich, Bree",Parker Lennox,,9798991112833,0,4.39,ONYX Publishing,Hardcover,,2025,,,2025/12/04,"to-read, 2026","to-read (#67), 2026 (#26)",to-read
218405601,"Riftborne (Esprithean Trilogy, #1)",Bree Grenwich,"Grenwich, Bree",Parker Lennox,,9798991112819,0,3.80,ONYX Publishing,Paperback,426,2024,2024,,2025/12/04,"to-read, 2026","to-read (#65), 2026 (#25)",to-read
214183001,"The Wrath of the Fallen (Gods & Monsters, #4)",Amber V. Nicole,"Nicole, Amber V.",,1035414600,9781035414604,0,4.27,Headline Eternal,Kindle Edition,673,2025,2025,,2025/07/26,"to-read, 2026","to-read (#45), 2026 (#24)",to-read
203748904,"The Dawn of the Cursed Queen (Gods & Monsters, #3)",Amber V. Nicole,"Nicole, Amber V.",,,,0,4.30,,Unknown Binding,581,2024,2024,,2025/07/26,"to-read, 2026","to-read (#44), 2026 (#23)",to-read
141275671,"The Throne of Broken Gods (Gods & Monsters, #2)",Amber V. Nicole,"Nicole, Amber V.",,,9798986305035,0,4.20,Rose and Star Publishing,Kindle Edition,728,2023,,,2025/07/26,"to-read, 2026","to-read (#43), 2026 (#22)",to-read
59986018,"The Book of Azrael (Gods & Monsters, #1)",Amber V. Nicole,"Nicole, Amber V.",,,,0,4.12,Rose and Star Publishing,Kindle Edition,572,2022,2022,,2025/11/27,"to-read, 2026","to-read (#55), 2026 (#21)",to-read
124936017,"Heat of the Everflame (Kindred's Curse, #3)",Penn Cole,"Cole, Penn",,,,0,4.23,,Kindle Edition,778,2023,2023,,2024/06/22,"to-read, 2026","to-read (#9), 2026 (#20)",to-read
124935969,"Glow of the Everflame (Kindred's Curse, #2)",Penn Cole,"Cole, Penn",,,,0,4.33,,Kindle Edition,610,2023,2023,,2024/06/22,"to-read, 2026","to-read (#8), 2026 (#19)",to-read
123471760,"Spark of the Everflame (Kindred's Curse, #1)",Penn Cole,"Cole, Penn",,,,0,4.17,,Kindle Edition,438,2023,2023,,2024/06/22,"to-read, 2026","to-read (#7), 2026 (#18)",to-read
50623864,The Invisible Life of Addie LaRue,V.E. Schwab,"Schwab, V.E.",Victoria Schwab,0765387565,9780765387561,0,4.16,Tor Books,Hardcover,448,2020,2020,,2026/01/10,"to-read, 2026","to-read (#92), 2026 (#15)",to-read
10210,Jane Eyre,Charlotte Brontë,"Brontë, Charlotte",Michael Mason,0142437204,9780142437209,0,4.16,Penguin,Paperback,532,2003,1847,,2026/01/08,to-read,to-read (#89),to-read
21853621,The Nightingale,Kristin Hannah,"Hannah, Kristin",,0312577222,9780312577223,0,4.65,St. Martin's Press,Hardcover,564,2015,2015,,2026/01/10,"to-read, 2026","to-read (#94), 2026 (#12)",to-read
43174603,"The Fires of Vengeance (The Burning, #2)",Evan Winter,"Winter, Evan",,,,0,4.38,,ebook,529,2020,2020,,2024/06/03,"to-read, 2026","to-read (#6), 2026 (#11)",to-read
41952489,"The Rage of Dragons (The Burning, #1)",Evan Winter,"Winter, Evan",,031648976X,9780316489768,0,4.30,Orbit,Hardcover,535,2019,2017,,2024/06/03,"to-read, 2026","to-read (#5), 2026 (#10)",to-read
202507554,"When the Moon Hatched (Moonfall, #1)",Sarah A. Parker,"Parker, Sarah A.",,,,0,3.99,,Kindle Edition,718,2024,2024,,2025/12/14,to-read,to-read (#85),to-read
36111098,"The Light of All That Falls (The Licanius Trilogy, #3)",James  Islington,"Islington, James",,,9780356507835,0,4.40,Orbit,ebook,864,2019,2019,,2025/12/04,"to-read, 2026","to-read (#83), 2026 (#9)",to-read
32498052,"An Echo of Things to Come (The Licanius Trilogy, #2)",James  Islington,"Islington, James",,0316274119,9780316274111,0,4.21,Orbit,Hardcover,752,2017,2017,,2025/12/04,"to-read, 2026","to-read (#82), 2026 (#8)",to-read
22878967,"The Shadow of What Was Lost (The Licanius Trilogy, #1)",James  Islington,"Islington, James",,099258020X,9780992580209,0,4.14,Aslaradis Publishing,Paperback,595,2014,2014,,2025/12/04,"to-read, 2026","to-read (#81), 2026 (#7)",to-read
38099642,"Holy Sister (Book of the Ancestor, #3)",Mark  Lawrence,"Lawrence, Mark",,0008152403,9780008152406,0,4.30,Harper Voyager,Paperback,343,2019,2019,,2025/12/04,to-read,to-read (#72),to-read
35530652,"Grey Sister (Book of the Ancestor, #2)",Mark  Lawrence,"Lawrence, Mark",,0008152349,9780008152345,0,4.35,Ace,Hardcover,416,2018,2018,,2025/12/04,to-read,to-read (#71),to-read
25895524,"Red Sister (Book of the Ancestor, #1)",Mark  Lawrence,"Lawrence, Mark",,1101988851,9781101988855,0,4.16,Ace,Hardcover,467,2017,2017,,2025/12/04,to-read,to-read (#70),to-read
41886271,The Sword of Kaigen,M.L. Wang,"Wang, M.L.",,,,0,4.44,Amazon Digital Services,Kindle Edition,651,2019,2019,,2025/12/14,"to-read, 2026","to-read (#87), 2026 (#5)",to-read
51642969,All the Lonely People,Mike Gayle,"Gayle, Mike",,1473687403,9781473687400,0,4.16,Hodder & Stoughton,Kindle Edition,430,2020,2020,,2026/01/10,to-read,to-read (#93),to-read
45857086,"The Burning God (The Poppy War, #3)",R.F. Kuang,"Kuang, R.F.",,0008339147,9780008339142,0,4.28,Harper Voyager,Hardcover,622,2020,2020,,2024/08/19,"to-read, 2026","to-read (#19), 2026 (#4)",to-read
41118857,"The Dragon Republic (The Poppy War, #2)",R.F. Kuang,"Kuang, R.F.",,,,0,4.34,Harper Voyager,Hardcover,658,2019,2019,,2024/08/19,"to-read, 2026","to-read (#18), 2026 (#3)",to-read
35068705,"The Poppy War (The Poppy War, #1)",R.F. Kuang,"Kuang, R.F.",,0062662597,9780062662590,0,4.16,Harper Voyager,Kindle Edition,545,2018,2018,,2024/12/21,"to-read, 2026","to-read (#30), 2026 (#2)",to-read
200776812,Butter,Asako Yuzuki,"Yuzuki, Asako",Polly Barton,0063236400,9780063236400,0,3.45,Ecco,Hardcover,464,2024,2017,,2025/08/12,to-read,to-read (#91),to-read
53285047,"Bunny (Bunny, #1)",Mona Awad,"Awad, Mona",,0525559752,9780525559757,0,3.46,Penguin Books,Paperback,305,2020,2019,,2026/01/10,to-read,to-read (#90),to-read
129915654,Pride and Prejudice,Jane Austen,"Austen, Jane",,,,0,4.30,Peter Pauper Press,Hardcover,400,2023,1813,,2026/01/08,to-read,to-read (#88),to-read
200246606,"Goldfinch (The Plated Prisoner, #6)",Raven Kennedy,"Kennedy, Raven",,,,4,4.27,Penguin Books Ltd ,Hardcover,688,2024,2024,2026/01/06,2025/12/29,,,read
27793819,Madonna in a Fur Coat,Sabahattin Ali,"Ali, Sabahattin","Maureen Freely, Alexander Dawe",014198127X,9780141981277,0,4.32,Penguin,Kindle Edition,168,2016,1943,,2024/08/19,to-read,to-read (#20),to-read
41057294,Normal People,Sally Rooney,"Rooney, Sally",,1984822179,9781984822178,0,3.81,Crown,Hardcover,273,2019,2018,,2025/07/14,to-read,to-read (#41),to-read
194802722,Funny Story,Emily Henry,"Henry, Emily",,,,0,4.19,Berkley,Kindle Edition,395,2024,2024,,2025/07/30,to-read,to-read (#48),to-read
61314205,Gold,Raven Kennedy,"Kennedy, Raven",,,,5,4.10,,Kindle Edition,674,2023,2023,2025/12/29,2025/12/09,,,read
58159316,"Glow (The Plated Prisoner, #4)",Raven Kennedy,"Kennedy, Raven",,,,5,4.12,Raven Kennedy,Kindle Edition,738,2022,2022,2025/12/25,2025/12/09,,,read
57214537,"Gleam (The Plated Prisoner, #3)",Raven Kennedy,"Kennedy, Raven",,,,5,4.37,Raven Kennedy,Kindle Edition,780,2021,2021,2025/12/18,2025/12/09,,,read
216815055,"The Ballad of Falling Dragons (Moonfall, #2)",Sarah A. Parker,"Parker, Sarah A.",,000871035X,9780008710354,0,4.33,HarperVoyager,Kindle Edition,704,2026,2026,,2025/12/14,to-read,to-read (#86),to-read
56530123,"Glint (The Plated Prisoner, #2)",Raven Kennedy,"Kennedy, Raven",,,,4,4.15,Raven Kennedy,Kindle Edition,479,2021,2021,2025/12/14,2025/12/09,,,read
56483061,"Gild (The Plated Prisoner, #1)",Raven Kennedy,"Kennedy, Raven",,,,4,3.61,Raven Kennedy,Kindle Edition,402,2020,2020,2025/12/11,2025/12/09,,,read
49826643,"Daughter of No Worlds (The War of Lost Hearts, #1)",Carissa Broadbent,"Broadbent, Carissa",,,,0,4.02,,Kindle Edition,520,2020,2020,,2025/12/09,to-read,to-read (#84),to-read
51057191,"Jade Legacy (The Green Bone Saga, #3)",Fonda Lee,"Lee, Fonda",,035651059X,9780356510590,0,4.62,Orbit,Paperback,713,2021,2021,,2025/12/04,to-read,to-read (#80),to-read
41716919,"Jade War (The Green Bone Saga, #2)",Fonda Lee,"Lee, Fonda",,0316440922,9780316440929,0,4.38,Orbit,Hardcover,587,2019,2019,,2025/12/04,to-read,to-read (#79),to-read
43587154,"Jade City (The Green Bone Saga, #1)",Fonda Lee,"Lee, Fonda",,0316440884,9780316440882,0,4.06,Orbit,Paperback,540,2018,2017,,2025/12/04,to-read,to-read (#78),to-read
8069828,"The Crimson Crown (Seven Realms, #4)",Cinda Williams Chima,"Chima, Cinda Williams",,1423144333,9781423144335,0,4.46,Hyperion Book CH,Hardcover,598,2012,2012,,2025/12/04,to-read,to-read (#77),to-read
9409469,"The Gray Wolf Throne (Seven Realms, #3)",Cinda Williams Chima,"Chima, Cinda Williams",,,,0,4.37,Hyperion Book CH,Hardcover,517,2011,2011,,2025/12/04,to-read,to-read (#76),to-read
7801229,"The Exiled Queen (Seven Realms, #2)",Cinda Williams Chima,"Chima, Cinda Williams",,1423118243,9781423118244,0,4.32,Hyperion Books,Hardcover,586,2010,2010,,2025/12/04,to-read,to-read (#75),to-read
6342491,"The Demon King (Seven Realms, #1)",Cinda Williams Chima,"Chima, Cinda Williams","Larry Rostant, Arianne Lewin",1423118235,9781423118237,0,4.15,Hyperion Books,Hardcover,506,2009,2009,,2025/12/04,to-read,to-read (#74),to-read
12954620,"Falling Kingdoms (Falling Kingdoms, #1)",Morgan Rhodes,"Rhodes, Morgan",Michelle Rowen,1595145842,9781595145840,0,3.77,Razorbill,Hardcover,412,2012,2012,,2025/12/04,to-read,to-read (#73),to-read
219866773,"Eldritch (The Eating Woods, #2)",Keri Lake,"Lake, Keri",,,,0,4.17,,Unknown Binding,766,2025,2025,,2025/12/04,to-read,to-read (#69),to-read
209741142,"Anathema (The Eating Woods, #1)",Keri Lake,"Lake, Keri",,,,0,4.20,,Unknown Binding,690,2024,2024,,2025/12/04,to-read,to-read (#68),to-read
196920718,"The Wolf King (The Wolf King, #1)",Lauren Palphreyman,"Palphreyman, Lauren",,,,5,4.14,Lauren Palphreyman,Kindle Edition,475,2023,2023,2025/12/03,2025/11/27,,,read
229282961,"Her Monstrous Beasts (Her Vicious Beasts, #5)",E.P. Bali,"Bali, E.P.",,1923159275,9781923159273,0,4.38,Blue Moon Rising Pty Ltd,Kindle Edition,573,2025,2025,,2025/11/27,to-read,to-read (#64),to-read
218266327,"Her Tortured Beasts (Her Vicious Beasts, #4)",E.P. Bali,"Bali, E.P.",,1923159208,9781923159204,0,4.23,Blue Moon Rising Pty Ltd,Kindle Edition,555,2025,2025,,2025/11/27,to-read,to-read (#63),to-read
210307256,"Her Psycho Beasts (Her Vicious Beasts, #3)",E.P. Bali,"Bali, E.P.",,1923159062,9781923159068,0,4.27,Blue Moon Rising Publishing,Kindle Edition,543,2024,,,2025/11/27,to-read,to-read (#62),to-read
200688969,"Her Rabid Beasts (Her Vicious Beasts, #2)",E.P. Bali,"Bali, E.P.",,0645784672,9780645784671,0,4.21,Blood Moon Rising Publishing,Kindle Edition,556,2024,2024,,2025/11/27,to-read,to-read (#61),to-read
125035180,"Her Feral Beasts (Her Vicious Beasts, #1)",E.P. Bali,"Bali, E.P.",,0645690996,9780645690996,0,4.08,Blue Moon Rising Publishing,Kindle Edition,570,2023,2023,,2025/11/27,to-read,to-read (#60),to-read
196579796,"Her Vicious Beasts: The Beginning (Her Vicious Beasts, #0.5)",E.P. Bali,"Bali, E.P.",,,,0,4.04,Blue Moon Rising Publishing,Kindle Edition,126,2023,,,2025/11/27,to-read,to-read (#59),to-read
214631011,"Twisted Soul (Cursed Legacies, #3)",Morgan B. Lee,"Lee, Morgan B.",,,,0,4.36,,Kindle Edition,447,2024,2024,,2025/11/27,to-read,to-read (#58),to-read
209041304,"Shadow Heart (Cursed Legacies, #2)",Morgan B. Lee,"Lee, Morgan B.",,,,0,4.32,,Kindle Edition,378,2024,2024,,2025/11/27,to-read,to-read (#57),to-read
205058752,"Blood Oath (Cursed Legacies, #1)",Morgan B. Lee,"Lee, Morgan B.",,,,0,4.17,,Kindle Edition,286,2024,2024,,2025/11/27,to-read,to-read (#56),to-read
62816044,"A Curse for True Love (Once Upon a Broken Heart, #3)",Stephanie Garber,"Garber, Stephanie",,1250851203,9781250851208,0,4.17,Flatiron,Hardcover,386,2023,2023,,2025/11/27,to-read,to-read (#54),to-read
59808071,"The Ballad of Never After (Once Upon a Broken Heart, #2)",Stephanie Garber,"Garber, Stephanie",,1250268427,9781250268426,0,4.49,Flatiron Books,Hardcover,416,2022,2022,,2025/11/27,to-read,to-read (#53),to-read
55987278,"Once Upon a Broken Heart (Once Upon a Broken Heart, #1)",Stephanie Garber,"Garber, Stephanie",,1250268397,9781250268396,0,4.06,Flatiron Books,Hardcover,408,2021,2021,,2025/04/16,to-read,to-read (#42),to-read
36206591,Love and Other Words,Christina Lauren,"Lauren, Christina",,1501190539,9781501190537,2,4.21,Gallery Books,Hardcover,432,2018,2018,2025/04/23,2025/04/03,,,read
223775935,ხვალ და ხვალ და ხვალ,Gabrielle Zevin,"Zevin, Gabrielle",George Kharaishvili,9941384290,9789941384295,4,4.11,პალიტრა L,Paperback,552,2025,2022,2025/08/26,2025/08/18,,,read
2429135,"The Girl With the Dragon Tattoo (Millennium, #1)",Stieg Larsson,"Larsson, Stieg",Reg Keeland,0670069019,9780670069019,0,4.18,Viking Canada,Hardcover,480,2008,2005,,2025/08/14,to-read,to-read (#52),to-read
853510,"Murder on the Orient Express (Hercule Poirot, #10)",Agatha Christie,"Christie, Agatha",,0007119313,9780007119318,0,4.20,HarperCollins,Paperback,274,2007,1934,,2025/08/14,to-read,to-read (#51),to-read
16299,And Then There Were None,Agatha Christie,"Christie, Agatha",,0312330871,9780312330873,0,4.27,St. Martin's Griffin,Paperback,264,2004,1939,,2025/08/14,to-read,to-read (#50),to-read
208931300,Intermezzo,Sally Rooney,"Rooney, Sally",,0374602638,9780374602635,0,3.80,"Farrar, Straus and Giroux",Hardcover,464,2024,2024,,2025/08/12,to-read,to-read (#49),to-read
56250307,"The Darkest Temptation (Made, #3)",Danielle Lori,"Lori, Danielle",,,,4,4.03,,Kindle Edition,410,2020,2020,2025/08/08,2025/07/11,,,read
62039166,The Bee Sting,Paul Murray,"Murray, Paul",,0374600309,9780374600303,0,3.88,"Farrar, Straus and Giroux",Hardcover,645,2023,2023,,2025/07/30,to-read,to-read (#46),to-read
40613322,"The Maddest Obsession (Made, #2)",Danielle Lori,"Lori, Danielle",,,,5,4.24,,ebook,333,2019,2019,2025/07/24,2025/07/11,,,read
62583508,Talking at Night,Claire Daverley,"Daverley, Claire",,0593653483,9780593653487,4,3.90,Pamela Dorman Books,Hardcover,400,2023,2023,2025/07/14,2025/07/04,,,read
39083635,"The Sweetest Oblivion (Made, #1)",Danielle Lori,"Lori, Danielle",,1721284443,9781721284443,3,4.01,CreateSpace,Paperback,384,2018,2018,2025/07/20,2025/07/11,,,read
18373,Flowers for Algernon,Daniel Keyes,"Keyes, Daniel",,015603008X,9780156030083,4,4.24,Harvest Books,Paperback,311,2004,1966,2025/05/30,2025/04/20,,,read
218568760,The Conditions of Will,Jessa Hastings,"Hastings, Jessa",,1464245339,9781464245336,0,4.29,Bloom Books,Paperback,464,2025,2025,,2025/05/05,to-read,to-read (#40),to-read
13543121,Between Two Fires,Christopher Buehlman,"Buehlman, Christopher",,1937007863,9781937007867,0,4.21,Ace,Hardcover,432,2012,2012,,2025/05/03,to-read,to-read (#39),to-read
11710373,"Written in My Own Heart's Blood (Outlander, #8)",Diana Gabaldon,"Gabaldon, Diana",,0385344430,9780385344432,0,4.55,Delacorte Press,Hardcover,825,2014,2014,,2025/05/03,to-read,to-read (#38),to-read
2832909,"An Echo in the Bone (Outlander, #7)",Diana Gabaldon,"Gabaldon, Diana",,0752898477,9780752898476,0,4.44,Orion,Hardcover,820,2010,2009,,2025/05/03,to-read,to-read (#37),to-read
10967,"The Fiery Cross (Outlander, #5)",Diana Gabaldon,"Gabaldon, Diana",,0440221668,9780440221661,0,4.26,Dell,Mass Market Paperback,1443,2005,2001,,2025/05/03,to-read,to-read (#36),to-read
40909452,"Drums of Autumn (Outlander, #4)",Diana Gabaldon,"Gabaldon, Diana",,0525618732,9780525618737,0,4.36,Bantam,Paperback,928,2018,1996,,2025/05/03,to-read,to-read (#35),to-read
10987,"Voyager (Outlander, #3)",Diana Gabaldon,"Gabaldon, Diana",,0385335997,9780385335997,0,4.39,Dell,Paperback,870,2001,1993,,2025/05/03,to-read,to-read (#34),to-read
5364,"Dragonfly in Amber (Outlander, #2)",Diana Gabaldon,"Gabaldon, Diana",,,,0,4.34,Bantam,Paperback,947,2001,1992,,2025/05/03,to-read,to-read (#33),to-read
10964,"Outlander (Outlander, #1)",Diana Gabaldon,"Gabaldon, Diana",,0440242940,9780440242949,0,4.26,Dell,Mass Market Paperback,850,2005,1991,,2025/05/03,to-read,to-read (#32),to-read
57359837,Lotus,Jennifer Hartmann,"Hartmann, Jennifer",,,,4,4.17,,Kindle Edition,344,2021,2021,2025/04/14,2025/04/03,,,read
198902277,The Wedding People,Alison Espach,"Espach, Alison",,,,4,4.08,Henry Holt and Company,Hardcover,367,2024,2024,2025/04/03,2024/12/21,,,read
11604911,"A Storm of Swords: Part 1 Steel and Snow (A Song of Ice and Fire, #3 part 1)",George R.R. Martin,"Martin, George R.R.",,0007447752,,4,4.47,Harper Voyager,Kindle Edition,623,2011,2000,2025/03/23,2025/03/23,,,read
10572,"A Clash of Kings  (A Song of Ice and Fire, #2)",George R.R. Martin,"Martin, George R.R.",,,,4,4.42,Random House Worlds,Paperback,1009,2002,1998,2025/02/16,2024/08/21,,,read
13496,"A Game of Thrones (A Song of Ice and Fire, #1)",George R.R. Martin,"Martin, George R.R.",,0553588486,9780553588484,4,4.45,Bantam,Mass Market Paperback,835,2005,1996,2025/01/22,2024/08/19,,,read
62291,"A Storm of Swords (A Song of Ice and Fire, #3)",George R.R. Martin,"Martin, George R.R.",,,,0,4.55,Bantam,Mass Market Paperback,1177,2003,2000,,2024/08/21,to-read,to-read (#24),to-read
49646047,"Origins of an Academy Bully (Zodiac Academy, #0.5)",Caroline Peckham,"Peckham, Caroline",Susanne Valenti,,,4,3.73,Independently Published,Kindle Edition,94,2019,2019,2024/12/31,2024/12/29,,,read
61771675,Hello Beautiful,Ann Napolitano,"Napolitano, Ann",,,,0,4.13,The Dial Press,Kindle Edition,594,2023,2023,,2024/12/21,to-read,to-read (#29),to-read
58733693,Remarkably Bright Creatures,Shelby Van Pelt,"Pelt, Shelby Van",,0063204150,9780063204157,0,4.36,Ecco,ebook,302,2022,2022,,2024/12/21,to-read,to-read (#28),to-read
198954263,"Restless Stars (Zodiac Academy, #9)",Caroline Peckham,"Peckham, Caroline",Susanne Valenti,,,4,4.27,King's Hollow,Kindle Edition,1153,2024,2024,2024/12/21,2024/11/25,,,read
177899172,"Beyond the Veil (Zodiac Academy, #8.5)",Caroline Peckham,"Peckham, Caroline",Susanne Valenti,,,3,3.84,King's Hollow,Kindle Edition,416,2023,2023,2024/11/25,2024/11/25,,,read
59808792,"Sorrow and Starlight (Zodiac Academy, #8)",Caroline Peckham,"Peckham, Caroline",Susanne Valenti,,,5,4.02,Amazon Digital Services,Kindle Edition,1242,2022,2022,2024/11/14,2024/10/29,,,read
56474282,"Heartless Sky (Zodiac Academy, #7)",Caroline Peckham,"Peckham, Caroline",Susanne Valenti,,,5,4.18,Amazon Digital Services,Kindle Edition,991,2021,2021,2024/10/29,2024/10/12,,,read
53535526,"Fated Throne (Zodiac Academy, #6)",Caroline Peckham,"Peckham, Caroline",Susanne Valenti,,,5,4.31,King's Hollow,Kindle Edition,823,2020,2020,2024/10/12,2024/09/26,,,read
50391615,"Cursed Fates (Zodiac Academy, #5)",Caroline Peckham,"Peckham, Caroline",Susanne Valenti,,,5,4.31,King's Hollow,Kindle Edition,886,2020,2020,2024/09/26,2024/09/16,,,read
53146871,"Shadow Princess (Zodiac Academy, #4)",Caroline Peckham,"Peckham, Caroline",Susanne Valenti,,,5,4.27,King's Hollow,Kindle Edition,724,2020,2020,2024/09/16,2024/09/04,,,read
49551172,"The Reckoning (Zodiac Academy, #3)",Caroline Peckham,"Peckham, Caroline",Susanne Valenti,,,5,4.33,King's Hollow,Kindle Edition,562,2019,2019,2024/09/04,2024/08/31,,,read
51966347,"Ruthless Fae (Zodiac Academy, #2)",Caroline Peckham,"Peckham, Caroline",Susanne Valenti,,,5,4.20,King's Hollow,Kindle Edition,475,2019,2019,2024/08/31,2024/08/27,,,read
46261182,"The Awakening (Zodiac Academy, #1)",Caroline Peckham,"Peckham, Caroline",Susanne Valenti,,,5,3.82,Dark Ink Publishing,Kindle Edition,436,2019,2019,2024/08/27,2024/08/21,,,read
61918816,"Yours Truly (Part of Your World, #2)",Abby Jimenez,"Jimenez, Abby",,1538704390,9781538704394,0,4.29,Forever,Paperback,398,2023,2023,,2024/08/22,to-read,to-read (#27),to-read
58684524,"Part of Your World (Part of Your World, #1)",Abby Jimenez,"Jimenez, Abby",,1538704374,9781538704370,0,4.25,Forever,Paperback,389,2022,2022,,2024/08/22,to-read,to-read (#26),to-read
195820807,"Just for the Summer (Part of Your World, #3)",Abby Jimenez,"Jimenez, Abby",,1538704439,9781538704431,0,4.35,Forever,Paperback,432,2024,2024,,2024/08/22,to-read,to-read (#25),to-read
52166786,"The Empire of Gold (The Daevabad Trilogy, #3)",S.A. Chakraborty,"Chakraborty, S.A.",,0062678167,9780062678164,0,4.49,Harper Voyager,Hardcover,766,2020,2020,,2024/08/21,to-read,to-read (#23),to-read
39988431,"The Kingdom of Copper (The Daevabad Trilogy, #2)",S.A. Chakraborty,"Chakraborty, S.A.",,0008239444,9780008239442,0,4.38,Harper Voyager,Hardcover,625,2019,2019,,2024/08/21,to-read,to-read (#22),to-read
32718027,"The City of Brass (The Daevabad Trilogy, #1)",S.A. Chakraborty,"Chakraborty, S.A.",,0062678108,9780062678102,0,4.14,Harper Voyager,Hardcover,532,2017,2017,,2024/08/21,to-read,to-read (#21),to-read
29367958,The Wall of Winnipeg and Me,Mariana Zapata,"Zapata, Mariana",,,,5,4.15,,Kindle Edition,475,2016,2016,2024/08/21,2024/08/14,,,read
190744442,The Murder After the Night Before,Katy Brent,"Brent, Katy",,0008536716,9780008536718,2,3.82,HQ Digital,Paperback,336,2024,2024,2024/08/14,2024/08/13,,,read
23947089,"The Lost Metal (Mistborn, #7)",Brandon Sanderson,"Sanderson, Brandon",,0765391198,9780765391193,0,4.48,Tor Books,Hardcover,507,2022,2022,,2024/08/19,to-read,to-read (#17),to-read
18739426,"The Bands of Mourning (Mistborn, #6)",Brandon Sanderson,"Sanderson, Brandon",,146686267X,9781466862678,0,4.40,Tor,Kindle Edition,455,2016,2016,,2024/08/19,to-read,to-read (#16),to-read
16065004,"Shadows of Self (Mistborn, #5)",Brandon Sanderson,"Sanderson, Brandon",,0765378558,9780765378552,0,4.26,Tor Books,Hardcover,376,2015,2015,,2024/08/19,to-read,to-read (#15),to-read
10803121,"The Alloy of Law (Mistborn, #4)",Brandon Sanderson,"Sanderson, Brandon",,0765330423,9780765330420,0,4.19,Tor Books,Hardcover,325,2011,2011,,2024/08/19,to-read,to-read (#14),to-read
2767793,"The Hero of Ages (Mistborn, #3)",Brandon Sanderson,"Sanderson, Brandon",,0765316897,9780765316899,0,4.56,Tor Books,Hardcover,572,2008,2008,,2024/08/19,to-read,to-read (#13),to-read
68429,"The Well of Ascension (Mistborn, #2)",Brandon Sanderson,"Sanderson, Brandon",,0765316889,9780765316882,0,4.38,Tor Books,Hardcover,590,2007,2007,,2024/08/19,to-read,to-read (#12),to-read
68428,"Mistborn: The Final Empire (Mistborn, #1)",Brandon Sanderson,"Sanderson, Brandon",,,9780765311788,0,4.49,Tor Books,Hardcover,541,2006,2006,,2024/08/19,to-read,to-read (#11),to-read
197054431,"Magnolia Parks: Into the Dark (Magnolia Parks Universe, #5)",Jessa Hastings,"Hastings, Jessa",,0593474953,9780593474952,4,4.31,Dutton,Kindle Edition,720,2024,2024,2024/08/12,2024/06/19,,,read
6443834,"1Q84 Book 1 (1Q84, #1)",Haruki Murakami,"Murakami, Haruki",,4103534222,9784103534228,4,3.95,Shinchosha/Tsai Fong Books,Hardcover,554,2009,2009,,2024/01/01,,,read
61447046,"Magnolia Parks: The Long Way Home (Magnolia Parks Universe, #3)",Jessa Hastings,"Hastings, Jessa",,,9798985331738,5,4.22,,Kindle Edition,645,2022,2022,2024/07/30,2024/06/19,,,read
59708060,"Daisy Haites (Magnolia Parks Universe, #2)",Jessa Hastings,"Hastings, Jessa",,,,5,4.06,,Kindle Edition,436,2021,2021,2024/07/25,2024/06/19,,,read
58527403,"Magnolia Parks (Magnolia Parks Universe, #1)",Jessa Hastings,"Hastings, Jessa",,1737281198,9781737281191,4,3.65,,Kindle Edition,423,2021,2021,2024/07/22,2024/06/19,,,read
61324281,Girls That Invest: Your Guide to Financial Independence through Shares and Stocks,Simran   Kaur​,"Kaur​, Simran",,111989378X,9781119893783,5,4.50,Wiley,Paperback,215,2022,2022,2024/07/21,2024/07/19,,,read
52857700,"House of Flame and Shadow (Crescent City, #3)",Sarah J. Maas,"Maas, Sarah J.",,1681193094,9781681193090,4,4.23,Bloomsbury Publishing,ebook,835,2024,2024,2024/07/12,2024/06/20,,,read
208818334,"Burn of the Everflame (Kindred's Curse, #4)",Penn Cole,"Cole, Penn",,,,0,4.43,,Kindle Edition,,,,,2024/06/22,to-read,to-read (#10),to-read
40132775,"House of Sky and Breath (Crescent City, #2)",Sarah J. Maas,"Maas, Sarah J.",,1408884429,9781408884423,5,4.42,Bloomsbury Publishing,Hardcover,805,2022,2022,2024/06/20,2024/06/08,,,read
44778083,"House of Earth and Blood (Crescent City, #1)",Sarah J. Maas,"Maas, Sarah J.",,1635574048,9781635574043,5,4.45,Bloomsbury Publishing,Hardcover,803,2020,2020,2024/06/08,2024/03/14,,,read
58303345,"Mother of Death & Dawn (The War of Lost Hearts, #3)",Carissa Broadbent,"Broadbent, Carissa",,,,0,4.35,,Kindle Edition,722,2022,2022,,2024/06/03,to-read,to-read (#4),to-read
52617662,"Children of Fallen Gods (The War of Lost Hearts, #2)",Carissa Broadbent,"Broadbent, Carissa",,,,0,4.13,,Kindle Edition,636,2021,2021,,2024/06/03,to-read,to-read (#3),to-read
76714487,"Tower of Dawn (Throne of Glass, #6)",Sarah J. Maas,"Maas, Sarah J.",,1639731040,9781639731046,5,4.28,Bloomsbury Publishing,Hardcover,688,2023,2017,2024/04/22,2024/04/17,,,read
76706470,"Heir of Fire (Throne of Glass, #3)",Sarah J. Maas,"Maas, Sarah J.",,,,5,4.45,Bloomsbury USA Childrens,Hardcover,576,2023,2014,2024/04/03,2024/03/24,,,read
126062562,"The Assassin's Blade (Throne of Glass, #0.1-0.5)",Sarah J. Maas,"Maas, Sarah J.",,1619632217,9781619632219,4,4.20,Bloomsbury Children’s Books,Kindle Edition,451,2023,2014,2024/03/24,2024/03/24,,,read
76705490,"Crown of Midnight (Throne of Glass, #2)",Sarah J. Maas,"Maas, Sarah J.",,1639730966,9781639730964,5,4.36,Bloomsbury Publishing,Hardcover,420,2023,2013,2024/03/20,2024/03/18,,,read
76703559,"Throne of Glass (Throne of Glass, #1)",Sarah J. Maas,"Maas, Sarah J.",,163973094X,9781639730940,5,4.19,Bloomsbury Publishing,Hardcover,406,2023,2012,2024/03/17,2024/01/24,,,read
17788401,Ugly Love,Colleen Hoover,"Hoover, Colleen",,,,3,3.99,Atria Books,Kindle Edition,330,2014,2014,2023/12/15,2021/09/04,,,read
34992929,"Restore Me (Shatter Me, #4)",Tahereh Mafi,"Mafi, Tahereh",,0062676369,9780062676368,5,4.13,HarperCollins,Hardcover,448,2018,2018,2024/03/04,2024/03/04,,,read
44054122,"Imagine Me (Shatter Me, #6)",Tahereh Mafi,"Mafi, Tahereh",,006267644X,9780062676443,4,4.01,HarperCollins,ebook,450,2020,2020,2024/03/09,2024/03/05,,,read
34992959,"Defy Me (Shatter Me, #5)",Tahereh Mafi,"Mafi, Tahereh",,0062676393,9780062676399,3,4.26,HarperTeen,Hardcover,357,2019,2019,2024/03/05,2024/03/05,,,read
13188676,"Ignite Me (Shatter Me, #3)",Tahereh Mafi,"Mafi, Tahereh",,006208559X,9780062085597,4,4.45,HarperCollins ,Kindle Edition,408,2014,2014,2024/03/02,2024/02/29,,,read
58340706,"One Dark Window (The Shepherd King, #1)",Rachel Gillig,"Gillig, Rachel",,0316312487,9780316312486,0,4.26,Orbit,Paperback,432,2022,2022,,2024/02/29,to-read,to-read (#2),to-read
60784546,"Divine Rivals (Letters of Enchantment, #1)",Rebecca   Ross,"Ross, Rebecca",,1250857430,9781250857439,0,4.15,Wednesday Books,Hardcover,368,2023,2023,,2023/12/31,to-read,to-read (#1),to-read
13104080,"Unravel Me (Shatter Me, #2)",Tahereh Mafi,"Mafi, Tahereh",,0062085530,9780062085535,4,4.10,HarperCollins ,Hardcover,480,2013,2013,2024/02/29,2024/02/27,,,read
10429045,"Shatter Me (Shatter Me, #1)",Tahereh Mafi,"Mafi, Tahereh",,0062085484,9780062085481,3,3.84,Harper,Hardcover,338,2011,2011,2024/02/25,2023/12/31,,,read
53138095,"A ​Court of Silver Flames (A Court of Thorns and Roses, #4)",Sarah J. Maas,"Maas, Sarah J.",,168119628X,9781681196282,5,4.45,Bloomsbury Publishing,Hardcover,757,2021,2021,2024/02/22,2024/02/10,,,read
50659471,"A Court of Frost and Starlight (A Court of Thorns and Roses, #3.5)",Sarah J. Maas,"Maas, Sarah J.",,1635575621,9781635575620,3,3.71,Bloomsbury Publishing,Paperback,272,2020,2018,2024/02/10,2024/02/08,,,read
50659472,"A Court of Wings and Ruin (A Court of Thorns and Roses, #3)",Sarah J. Maas,"Maas, Sarah J.",,1635575605,9781635575606,4,4.46,Bloomsbury Publishing,Paperback,699,2020,2017,2024/02/05,2024/01/28,,,read
50659467,"A Court of Thorns and Roses (A Court of Thorns and Roses, #1)",Sarah J. Maas,"Maas, Sarah J.",,1635575567,9781635575569,4,4.15,Bloomsbury Publishing,Paperback,419,2020,2015,2024/01/18,2023/12/31,,,read
26032912,"The Queen of Nothing (The Folk of the Air, #3)",Holly Black,"Black, Holly",,0316310409,9780316310406,4,4.33,"Little, Brown",ebook,321,2019,2019,2024/01/12,2023/12/31,,,read
42201431,"The Unhoneymooners (Unhoneymooners, #1)",Christina Lauren,"Lauren, Christina",,1501128035,9781501128035,3,3.89,Gallery Books,Paperback,432,2019,2019,2024/01/05,2023/12/31,,,read
26032887,"The Wicked King (The Folk of the Air, #2)",Holly Black,"Black, Holly",,0316310336,9780316310338,5,4.27,"Little, Brown Books for Young Readers",ebook,336,2019,2019,2024/01/09,2023/12/31,,,read
25883848,The Hating Game,Sally  Thorne,"Thorne, Sally",,,,4,3.86,William Morrow Paperbacks,ebook,387,2016,2016,2021/09/05,2021/09/04,,,read
26032825,"The Cruel Prince (The Folk of the Air, #1)",Holly Black,"Black, Holly",,0316310271,9780316310277,3,4.01,"Little, Brown Books for Young Readers",Hardcover,370,2018,2018,,2023/12/31,,,read
4929,Kafka on the Shore,Haruki Murakami,"Murakami, Haruki",Philip Gabriel,,,3,4.12,Vintage International,Paperback,467,2006,2002,2024/01/01,2022/07/05,,,read
40961427,1984,George Orwell,"Orwell, George",,,,3,4.20,Houghton Mifflin Harcourt,ebook,298,2013,1948,,2021/02/17,,,read
20758104,"The Knife of Never Letting Go (Chaos Walking, #1)",Patrick Ness,"Ness, Patrick",,0763676187,9780763676186,2,3.98,Candlewick Press,Paperback,528,2014,2008,,2021/09/04,,,read
6334,Never Let Me Go,Kazuo Ishiguro,"Ishiguro, Kazuo",,1400078776,9781400078776,4,3.85,Vintage Books ,Paperback,288,2010,2005,2022/08/17,2022/08/16,,,read
52867387,Beach Read,Emily Henry,"Henry, Emily",,1984806734,9781984806734,4,3.97,Berkley,Paperback,358,2020,2020,,2023/12/31,,,read
4667024,The Help,Kathryn Stockett,"Stockett, Kathryn",,0399155341,9780399155345,3,4.47,G.P. Putnam's Sons,Hardcover,451,2009,2009,,2021/09/04,,,read
5297,The Picture of Dorian Gray,Oscar Wilde,"Wilde, Oscar",Jeffrey Eugenides,,,3,4.14,Random House: Modern Library,Paperback,272,2004,1890,,2021/02/17,,,read
11297,Norwegian Wood,Haruki Murakami,"Murakami, Haruki",Jay Rubin,,,4,3.99,Vintage Books,Paperback,296,2000,1987,,2022/07/05,,,read
2623,Great Expectations,Charles Dickens,"Dickens, Charles","Kate Flint, Margaret Cardwell",0192833596,9780192833594,3,3.80,Oxford University Press,Paperback,544,1998,1861,,2021/02/17,,,read